End Date,Buy Ccy,Sell Ccy,Counterparty Mnemonic,Currency,Buy Amount,Sell Amount,Principal Amount (Signed),Contract Rate,TOTAL_INTEREST_VALUE,PL Now Accrued PL (int),Entity,Deal Date,Start Date,Subtype,Deal No,PENDING_DAYS_TO_MATURITY,TOTAL_MATURITY_AMOUNT,Type ,Deal Status,Trading Book,Deal Type,Department,Spread Rate,Internal Rate,Dealer,LCY_AMOUNT_1,ORIGINAL_TENOR,Outstanding Notional,Omgeo Ref,Settlement Method,PayRec,Cpty Pay Agent Inst,Pay Nostro,Rec Nostro,Security Code,Buy/Sell,Quantity Traded,ISIN 1,Block Ref,Sec. Inv. Price,Sec. Accrued,Repo Amount,Block Amt,CCY1,CCY2
07-22-2022,USD,GBP,TAJBANK LIMITED,,"1,994.03","1,650.00",,1.208500000000,,,UBANY,07-20-2022,07-22-2022,INTBK,104695,,,,CONTINGENT,/BANK/UBANY/FXSALES/SPREAD,FX_PLUS_SPOT_DEAL,FX,0.0087,1.199850000000,MOHNIR349,,,,,,,,,,,,,,,,,,,,
07-22-2022,GBP,USD,SCB-LONDON,,"1,650.00","1,976.67",,1.197980000000,,,UBANY,07-20-2022,07-22-2022,INTBK,104696,,,,CONTINGENT,/BANK/UBANY/FXSALES/SPREAD,FX_PLUS_SPOT_DEAL,FX,0.0019,1.199850000000,MOHNIR349,,,,,,,,,,,,,,,,,,,,
07-22-2022,XAF,USD,UBA CAMEROON,,"840,385,650","1,296,591.30",,648.150000000000,,,UBANY,07-21-2022,07-22-2022,INTBK,104698,,,,CONTINGENT,/BANK/UBANY/FXSALES/SPREAD,FX_PLUS_SPOT_DEAL,FX,2.3200,645.830000000000,MOHNIR349,,,,,,,,,,,,,,,,,,,,
07-22-2022,USD,XAF,GEORGETOWN GH,,"1,313,000.00","840,385,650",,640.050000000000,,,UBANY,07-21-2022,07-22-2022,INTBK,104699,,,,CONTINGENT,/BANK/UBANY/FXSALES/SPREAD,FX_PLUS_SPOT_DEAL,FX,5.7800,645.830000000000,MOHNIR349,,,,,,,,,,,,,,,,,,,,
07-22-2022,EUR,USD,SCB-LONDON,,"5,000.00","5,106.30",,1.021260000000,,,UBANY,07-20-2022,07-22-2022,INTBK,104692,,,,CONTINGENT,/BANK/UBANY/FXSALES/SPREAD,FX_PLUS_SPOT_DEAL,FX,0.0024,1.023650000000,MOHNIR349,,,,,,,,,,,,,,,,,,,,
07-22-2022,USD,EUR,TAJBANK LIMITED,,"5,159.50","5,000.00",,1.031900000000,,,UBANY,07-20-2022,07-22-2022,INTBK,104691,,,,CONTINGENT,/BANK/UBANY/FXSALES/SPREAD,FX_PLUS_SPOT_DEAL,FX,0.0083,1.023650000000,MOHNIR349,,,,,,,,,,,,,,,,,,,,
07-22-2022,USD,GBP,TAJBANK LIMITED,,"7,395.41","6,120.00",,1.208400000000,,,UBANY,07-20-2022,07-22-2022,INTBK,104693,,,,CONTINGENT,/BANK/UBANY/FXSALES/SPREAD,FX_PLUS_SPOT_DEAL,FX,0.0086,1.199850000000,MOHNIR349,,,,,,,,,,,,,,,,,,,,
07-22-2022,GBP,USD,SCB-LONDON,,"6,120.00","7,342.90",,1.199820000000,,,UBANY,07-20-2022,07-22-2022,INTBK,104694,,,,CONTINGENT,/BANK/UBANY/FXSALES/SPREAD,FX_PLUS_SPOT_DEAL,FX,0.0000,1.199850000000,MOHNIR349,,,,,,,,,,,,,,,,,,,,
07-22-2022,,,MOZA,USD,,,"-14,600,000.00",0.07,-28.39,-28.39,UBAGCI,07-21-2022,07-21-2022,IBIOC,104697,0,"-14,600,028.39",FIX/DEPO,STARTED,/BANK/GCI/MMGCI,COM_LOAN,MM_INTBK_ON,0.0000,0.07,MOHNIR349,"-14,600,000.00",,0,,,,,,,,,,,,,,,,,
07-25-2022,USD,GBP,TAJBANK LIMITED,,"1,781.48","1,480.00",,1.203700000000,,,UBANY,07-21-2022,07-25-2022,INTBK,104700,,,,CONTINGENT,/BANK/UBANY/FXSALES/SPREAD,FX_PLUS_SPOT_DEAL,FX,0.0081,1.195600000000,MOHNIR349,,,,,,,,,,,,,,,,,,,,
07-25-2022,GBP,USD,SCB-LONDON,,"1,480.00","1,771.03",,1.196640000000,,,UBANY,07-21-2022,07-25-2022,INTBK,104701,,,,CONTINGENT,/BANK/UBANY/FXSALES/SPREAD,FX_PLUS_SPOT_DEAL,FX,-0.0010,1.195600000000,MOHNIR349,,,,,,,,,,,,,,,,,,,,
07-25-2022,EUR,USD,UBA MALI,,"677,016.80","689,000.00",,1.017700000000,,,UBANY,07-21-2022,07-25-2022,INTBK,104702,,,,CONTINGENT,/BANK/UBANY/FXSALES/SPREAD,FX_PLUS_SPOT_DEAL,FX,-0.0021,1.015650000000,MOHNIR349,,,,,,,,,,,,,,,,,,,,
07-25-2022,USD,EUR,SCB-LONDON,,"689,541.61","677,016.80",,1.018500000000,,,UBANY,07-21-2022,07-25-2022,INTBK,104703,,,,CONTINGENT,/BANK/UBANY/FXSALES/SPREAD,FX_PLUS_SPOT_DEAL,FX,0.0029,1.015650000000,MOHNIR349,,,,,,,,,,,,,,,,,,,,
07-25-2022,,,MOZA,USD,,,"-4,000,000.00",0.06,-20.00,0.00,UBAGCI,07-22-2022,07-22-2022,IBIOC,104704,3,"-4,000,020.00",FIX/DEPO,COMPLETED,/BANK/GCI/MMGCI,COM_LOAN,MM_INTBK_ON,0.0000,0.06,MOHNIR349,"-4,000,000.00",,-4000000,,,,,,,,,,,,,,,,,
07-27-2022,,,MOZA,USD,,,"-4,000,000.00",0.12,-93.33,-26.67,UBAGCI,07-20-2022,07-20-2022,IBIOC,104686,5,"-4,000,093.33",FIX/DEPO,STARTED,/BANK/GCI/MMGCI,COM_LOAN,MM_INTBK_TERM,0.0000,0.12,MOHNIR349,"-4,000,000.00",,-4000000,,,,,,,,,,,,,,,,,
07-29-2022,,,CBN,USD,,,"-24,935,560.13",1.34,"-84,462.28","-77,965.18",UBAGCI,04-27-2022,04-29-2022,IFGVI,104520,7,"-25,020,022.41",FIX/DEPO,STARTED,/BANK/GCI/MMGCI,COM_LOAN,MM_INTBK_TERM,0.0000,1.34,MOHNIR349,"-24,935,560.13",,-24935560.129999998957,,,,,,,,,,,,,,,,,
08-01-2022,,,UBA-LAG,USD,,,"15,000,000.00",3.5,"263,958.33","249,375.00",UBAGCI,02-01-2022,02-01-2022,IHOFC,104249,10,"15,263,958.33",FIX/LOAN,STARTED,/BANK/GCI/MMGCI,COM_LOAN,MM_INTBK_TERM,0.0000,3.5,MOHNIR349,"15,000,000.00",,15000000,,,,,,,,,,,,,,,,,
08-02-2022,,,UBA-LAG,USD,,,"15,000,000.00",3.5,"277,083.33","261,041.67",UBAGCI,01-19-2022,01-24-2022,IHOFC,104214,11,"15,277,083.33",FIX/LOAN,STARTED,/BANK/GCI/MMGCI,COM_LOAN,MM_INTBK_TERM,0.0000,3.5,MOHNIR349,"15,000,000.00",,15000000,,,,,,,,,,,,,,,,,
08-02-2022,,,UBA ZAMBIA,USD,,,"-1,500,000.00",1.5,"-3,750.00","-3,062.50",UBAGCI,06-02-2022,06-03-2022,IBIOC,104588,11,"-1,503,750.00",FIX/DEPO,STARTED,/BANK/GCI/MMGCI,COM_LOAN,MM_INTBK_TERM,0.0000,1.5,MOHNIR349,"-1,500,000.00",,-1500000,,,,,,,,,,,,,,,,,
08-11-2022,,,CBN,USD,,,"-26,907,873.29",1.79,"-41,475.50","-14,717.11",UBAGCI,07-06-2022,07-11-2022,IFGVI,104653,20,"-26,949,348.79",FIX/DEPO,STARTED,/BANK/GCI/MMGCI,COM_LOAN,MM_INTBK_TERM,0.0000,1.79,MOHNIR349,"-26,907,873.29",,-26907873.289999999106,,,,,,,,,,,,,,,,,
08-15-2022,,,CBN,USD,,,"-26,721,794.49",1.79,"-43,846.01","-11,958.00",UBAGCI,07-06-2022,07-13-2022,IFGVI,104662,24,"-26,765,640.50",FIX/DEPO,STARTED,/BANK/GCI/MMGCI,COM_LOAN,MM_INTBK_TERM,0.0000,1.79,MOHNIR349,"-26,721,794.49",,-26721794.489999998361,,,,,,,,,,,,,,,,,
08-22-2022,,,UBA-LAG,USD,,,"23,000,000.00",3.75,"433,645.83","359,375.00",UBAGCI,02-22-2022,02-22-2022,IHOFC,104313,31,"23,433,645.83",FIX/LOAN,STARTED,/BANK/GCI/MMGCI,COM_LOAN,MM_INTBK_TERM,0.0000,3.75,MOHNIR349,"23,000,000.00",,23000000,,,,,,,,,,,,,,,,,
08-22-2022,,,CBN,USD,,,"-21,402,772.09",2.25,"-42,805.54","-1,337.67",UBAGCI,07-19-2022,07-21-2022,IFGVI,104684,31,"-21,445,577.63",FIX/DEPO,STARTED,/BANK/GCI/MMGCI,COM_LOAN,MM_INTBK_TERM,0.0000,2.25,MOHNIR349,"-21,402,772.09",,-21402772.089999999851,,,,,,,,,,,,,,,,,
09-02-2022,,,UBA-LAG,USD,,,"50,000,000.00",3.75,"958,333.33","739,583.33",UBAGCI,03-02-2022,03-02-2022,IHOFC,104326,42,"50,958,333.33",FIX/LOAN,STARTED,/BANK/GCI/MMGCI,COM_LOAN,MM_INTBK_TERM,0.0000,3.75,MOHNIR349,"50,000,000.00",,50000000,,,,,,,,,,,,,,,,,
09-06-2022,,,UBA-LAG,USD,,,"10,000,000.00",3.6,"187,000.00","141,000.00",UBAGCI,03-03-2022,03-03-2022,IHOFC,104333,46,"10,187,000.00",FIX/LOAN,STARTED,/BANK/GCI/MMGCI,COM_LOAN,MM_INTBK_TERM,0.0000,3.6,MOHNIR349,"10,000,000.00",,10000000,,,,,,,,,,,,,,,,,
09-13-2022,,,FIDELITY,USD,,,"20,000,000.00",4.74471,"237,235.50","97,530.15",UBANY,06-14-2022,06-15-2022,IBIOC,104619,53,"20,237,235.50",FIX/LOAN,STARTED,/BANK/UBANY/MMUBANY,COM_LOAN,MM_INTBK_TERM,0.0000,4.74471,MOHNIR349,"20,000,000.00",,20000000,,,,,,,,,,,,,,,,,
09-16-2022,EUR,USD,SCB-LONDON,,"1,750,000.00","1,924,598.20",,1.099770400000,,,UBANY,03-28-2022,03-29-2022,SWAP,104506,,,,STARTED,/BANK/UBANY/FXSALES/SWAP_SPREAD,FX_PLUS_SWAP_DEAL,FX,0.0092,1.078299368000,MOHNIR349,,,,,,,,,,,,,,,,,,,,
09-16-2022,EUR,USD,SCB-LONDON,,"5,500,000.00","6,072,000.00",,1.104000000000,,,UBANY,03-21-2022,03-21-2022,SWAP,104505,,,,STARTED,/BANK/UBANY/FXSALES/SWAP_SPREAD,FX_PLUS_SWAP_DEAL,FX,0.0087,1.078299368000,MOHNIR349,,,,,,,,,,,,,,,,,,,,
09-19-2022,,,CHINA MB NY,USD,,,"30,000,000.00",0.9,"136,500.00","92,250.00",UBANY,03-18-2022,03-21-2022,IFBUB,104395,59,"30,136,500.00",FIX/LOAN,STARTED,/BANK/UBANY/MMUBANY,COM_LOAN,MM_PLEDGE,0.0000,0.9,MOHNIR349,"30,000,000.00",,30000000,,,,,,,,,,,,,,,,,
09-19-2022,,,UBA-LAG,USD,,,"8,000,000.00",3.75,"150,833.33","101,666.67",UBAGCI,03-21-2022,03-22-2022,IHOFC,104400,59,"8,150,833.33",FIX/LOAN,STARTED,/BANK/GCI/MMGCI,COM_LOAN,MM_INTBK_TERM,0.0000,3.75,MOHNIR349,"8,000,000.00",,8000000,,,,,,,,,,,,,,,,,
09-26-2022,,,UBA-LAG,USD,,,"7,500,000.00",3.75,"142,187.50","90,625.00",UBAGCI,03-21-2022,03-28-2022,IHOFC,104399,66,"7,642,187.50",FIX/LOAN,STARTED,/BANK/GCI/MMGCI,COM_LOAN,MM_INTBK_TERM,0.0000,3.75,MOHNIR349,"7,500,000.00",,7500000,,,,,,,,,,,,,,,,,
09-27-2022,,,UBA-LAG,USD,,,"100,000,000.00",4.5,"1,150,000.00","312,500.00",UBAGCI,06-27-2022,06-27-2022,IHOFC,104636,67,"101,150,000.00",FIX/LOAN,STARTED,/BANK/GCI/MMGCI,COM_LOAN,MM_INTBK_TERM,0.0000,4.5,MOHNIR349,"100,000,000.00",,100000000,,,,,,,,,,,,,,,,,
11-07-2022,,,UBA-LAG,USD,,,"100,000,000.00",3.5,"1,798,611.11","748,611.11",UBAGCI,05-06-2022,05-06-2022,IHOFC,104537,108,"101,798,611.11",FIX/LOAN,STARTED,/BANK/GCI/MMGCI,COM_LOAN,MM_INTBK_TERM,0.0000,3.5,RUBSCOT348,"100,000,000.00",,100000000,,,,,,,,,,,,,,,,,
11-15-2022,,,UBA-LAG,USD,,,"25,000,000.00",4.75,"412,326.39","29,687.50",UBAGCI,07-13-2022,07-13-2022,IHOFC,104670,116,"25,412,326.39",FIX/LOAN,STARTED,/BANK/GCI/MMGCI,COM_LOAN,MM_INTBK_TERM,0.0000,4.75,MOHNIR349,"25,000,000.00",,25000000,,,,,,,,,,,,,,,,,
11-21-2022,,,UBA-LAG,USD,,,"13,000,000.00",3.75,"246,458.33","81,250.00",UBAGCI,05-19-2022,05-23-2022,IHOFC,104552,122,"13,246,458.33",FIX/LOAN,STARTED,/BANK/GCI/MMGCI,COM_LOAN,MM_INTBK_TERM,0.0000,3.75,MOHNIR349,"13,000,000.00",,13000000,,,,,,,,,,,,,,,,,
11-23-2022,,,UBA-LAG,USD,,,"16,700,000.00",3.75,"313,125.00","97,416.67",UBAGCI,05-19-2022,05-27-2022,IHOFC,104553,124,"17,013,125.00",FIX/LOAN,STARTED,/BANK/GCI/MMGCI,COM_LOAN,MM_INTBK_TERM,0.0000,3.75,MOHNIR349,"16,700,000.00",,16700000,,,,,,,,,,,,,,,,,
11-28-2022,,,UBA-LAG,USD,,,"7,000,000.00",3.75,"131,979.17","37,916.67",UBAGCI,05-27-2022,05-31-2022,IHOFC,104571,129,"7,131,979.17",FIX/LOAN,STARTED,/BANK/GCI/MMGCI,COM_LOAN,MM_INTBK_TERM,0.0000,3.75,MOHNIR349,"7,000,000.00",,7000000,,,,,,,,,,,,,,,,,
11-30-2022,,,UBA-LAG,USD,,,"70,000,000.00",3.75,"1,334,375.00","379,166.67",UBAGCI,05-31-2022,05-31-2022,IHOFC,104574,131,"71,334,375.00",FIX/LOAN,STARTED,/BANK/GCI/MMGCI,COM_LOAN,MM_INTBK_TERM,0.0000,3.75,MOHNIR349,"70,000,000.00",,70000000,,,,,,,,,,,,,,,,,
11-30-2022,,,UBA-LAG,USD,,,"30,000,000.00",3.75,"571,875.00","162,500.00",UBAGCI,05-31-2022,05-31-2022,IHOFC,104575,131,"30,571,875.00",FIX/LOAN,STARTED,/BANK/GCI/MMGCI,COM_LOAN,MM_INTBK_TERM,0.0000,3.75,MOHNIR349,"30,000,000.00",,30000000,,,,,,,,,,,,,,,,,
12-05-2022,,,UBA-LAG,USD,,,"12,000,000.00",3.75,"227,500.00","57,500.00",UBAGCI,06-02-2022,06-06-2022,IHOFC,104581,136,"12,227,500.00",FIX/LOAN,STARTED,/BANK/GCI/MMGCI,COM_LOAN,MM_INTBK_TERM,0.0000,3.75,MOHNIR349,"12,000,000.00",,12000000,,,,,,,,,,,,,,,,,
12-05-2022,,,UBA-LAG,USD,,,"8,000,000.00",3.75,"151,666.67","38,333.33",UBAGCI,06-02-2022,06-06-2022,IHOFC,104582,136,"8,151,666.67",FIX/LOAN,STARTED,/BANK/GCI/MMGCI,COM_LOAN,MM_INTBK_TERM,0.0000,3.75,MOHNIR349,"8,000,000.00",,8000000,,,,,,,,,,,,,,,,,
12-30-2022,,,UNITY,USD,,,"-488,530.00",0.35,"-1,282.39",-517.71,UBAGCI,04-04-2022,04-04-2022,IBIOC,104548,161,"-489,812.39",FIX/DEPO,STARTED,/BANK/GCI/MMGCI,COM_LOAN,MM_PLEDGE,0.0000,0.35,MOHNIR349,"-488,530.00",,-488530,,,,,,,,,,,,,,,,,
01-10-2023,,,UBA-LAG,USD,,,"5,000,000.00",4.75,"118,750.00","5,277.78",UBAGCI,07-14-2022,07-14-2022,IHOFC,104675,172,"5,118,750.00",FIX/LOAN,STARTED,/BANK/GCI/MMGCI,COM_LOAN,MM_INTBK_TERM,0.0000,4.75,MOHNIR349,"5,000,000.00",,5000000,,,,,,,,,,,,,,,,,
01-16-2023,,,UBA-LAG,USD,,,"7,500,000.00",4.75,"178,125.00","1,979.17",UBAGCI,07-19-2022,07-20-2022,IHOFC,104685,178,"7,678,125.00",FIX/LOAN,STARTED,/BANK/GCI/MMGCI,COM_LOAN,MM_INTBK_TERM,0.0000,4.75,MOHNIR349,"7,500,000.00",,7500000,,,,,,,,,,,,,,,,,
10-27-2025,,,UBA U.K.,USD,,,"235,000.00",107.250000,,,UBAGCI,06-25-2021,06-29-2021,EBOND,103853,1193,,,STARTED,/BANK/GCI/SECGCI,SEC_BUY_SELL,SEC,0.0000,0.000000,YOUSHA349,"235,000.00",,,,,,,,,FBNNL 10/27/25,BUY,"235,000.00",XS2243733685,,"255,528.23","3,490.73",,,,
10-27-2025,,,UBA U.K.,USD,,,"500,000.00",107.250000,,,UBAGCI,06-25-2021,06-29-2021,EBOND,103852,1193,,,STARTED,/BANK/GCI/SECGCI,SEC_BUY_SELL,SEC,0.0000,0.000000,YOUSHA349,"500,000.00",,,,,,,,,FBNNL 10/27/25,BUY,"500,000.00",XS2243733685,,"543,677.08","7,427.08",,,,
10-27-2025,,,UBA U.K.,USD,,,"585,000.00",107.250000,,,UBAGCI,06-25-2021,06-29-2021,EBOND,103851,1193,,,STARTED,/BANK/GCI/SECGCI,SEC_BUY_SELL,SEC,0.0000,0.000000,YOUSHA349,"585,000.00",,,,,,,,,FBNNL 10/27/25,BUY,"585,000.00",XS2243733685,,"636,102.19","8,689.69",,,,
02-16-2026,,,UBA U.K.,USD,,,"1,000,000.00",100.297481,,,UBAGCI,03-17-2021,03-19-2021,EBOND,103857,1305,,,STARTED,/BANK/GCI/SECGCI,SEC_BUY_SELL,SEC,0.0000,0.000000,YOUSHA349,"1,000,000.00",,,,,,,,,BO0165072 (ECOTRA) V1,BUY,"1,000,000.00",XS2297197266,,"1,009,506.06","6,531.25",,,,
02-16-2026,,,UBA U.K.,USD,,,"481,000.00",100.000000,,,UBAGCI,08-13-2021,08-17-2021,EBOND,103899,1305,,,STARTED,/BANK/GCI/SECGCI,SEC_BUY_SELL,SEC,0.0000,0.000000,RUBSCOT348,"481,000.00",,,,,,,,,BO0165072 (ECOTRA) V1,BUY,"481,000.00",XS2297197266,,"481,095.20",95.20,,,,
02-16-2026,,,UBA U.K.,USD,,,"250,000.00",100.000000,,,UBAGCI,07-23-2021,07-27-2021,EBOND,103874,1305,,,STARTED,/BANK/GCI/SECGCI,SEC_BUY_SELL,SEC,0.0000,0.000000,YOUSHA349,"250,000.00",,,,,,,,,BO0165072 (ECOTRA) V1,BUY,"250,000.00",XS2297197266,,"257,966.15","7,966.15",,,,
02-16-2026,,,UBA U.K.,USD,,,"4,000,000.00",100.296410,,,UBAGCI,03-18-2021,03-22-2021,EBOND,103856,1305,,,STARTED,/BANK/GCI/SECGCI,SEC_BUY_SELL,SEC,0.0000,0.000000,YOUSHA349,"4,000,000.00",,,,,,,,,BO0165072 (ECOTRA) V1,BUY,"4,000,000.00",XS2297197266,,"4,040,356.41","28,500.00",,,,
02-16-2026,,,UBA U.K.,USD,,,"269,000.00",100.000000,,,UBAGCI,07-28-2021,07-30-2021,EBOND,103881,1305,,,STARTED,/BANK/GCI/SECGCI,SEC_BUY_SELL,SEC,0.0000,0.000000,YOUSHA349,"269,000.00",,,,,,,,,BO0165072 (ECOTRA) V1,BUY,"269,000.00",XS2297197266,,"277,731.29","8,731.29",,,,
02-16-2026,,,UBA U.K.,USD,,,"1,000,000.00",100.000000,,,UBAGCI,06-28-2021,06-30-2021,EBOND,103855,1305,,,STARTED,/BANK/GCI/SECGCI,SEC_BUY_SELL,SEC,0.0000,0.000000,YOUSHA349,"1,000,000.00",,,,,,,,,BO0165072 (ECOTRA) V1,BUY,"1,000,000.00",XS2297197266,,"1,026,520.83","26,520.83",,,,
02-16-2026,,,SCB-LONDON,USD,,,"3,000,000.00",100.000000,,,UBAGCI,02-16-2021,02-16-2021,EBOND,103858,1305,,,STARTED,/BANK/GCI/SECGCI,SEC_BUY_SELL,SEC,0.0000,0.000000,YOUSHA349,"3,000,000.00",,,,,,,,,BO0165072 (ECOTRA) V1,BUY,"3,000,000.00",XS2297197266,,"3,000,000.00",0.00,,,,
09-21-2026,,,SCB-LONDON,USD,,,"500,000.00",100.950000,,,UBAGCI,09-28-2021,09-30-2021,EBOND,103957,1522,,,STARTED,/BANK/GCI/SECGCI,SEC_BUY_SELL,SEC,0.0000,0.000000,YOUSHA349,"500,000.00",,,,,,,,,ACCESS 09/21/26,BUY,"500,000.00",XS2388445764,,"505,515.63",765.63,,,,
09-21-2026,,,SCB-LONDON,USD,,,"2,000,000.00",100.950000,,,UBAGCI,09-28-2021,09-30-2021,EBOND,103956,1522,,,STARTED,/BANK/GCI/SECGCI,SEC_BUY_SELL,SEC,0.0000,0.000000,YOUSHA349,"2,000,000.00",,,,,,,,,ACCESS 09/21/26,BUY,"2,000,000.00",XS2388445764,,"2,022,062.50","3,062.50",,,,
09-21-2026,,,SCB-LONDON,USD,,,"5,000,000.00",98.500000,,,UBAGCI,02-17-2022,02-22-2022,EBOND,104355,1522,,,STARTED,/BANK/GCI/SECGCI,SEC_BUY_SELL,SEC,0.0000,0.000000,MOHNIR349,"5,000,000.00",,,,,,,,,ACCESS 09/21/26,BUY,"5,000,000.00",XS2388445764,,"5,053,454.86","128,454.86",,,,
09-21-2026,,,SCB-LONDON,USD,,,"4,500,000.00",98.750000,,,UBAGCI,02-09-2022,02-11-2022,EBOND,104356,1522,,,STARTED,/BANK/GCI/SECGCI,SEC_BUY_SELL,SEC,0.0000,0.000000,MOHNIR349,"4,500,000.00",,,,,,,,,ACCESS 09/21/26,BUY,"4,500,000.00",XS2388445764,,"4,550,937.50","107,187.50",,,,
09-21-2026,,,SCB-LONDON,USD,,,"2,500,000.00",101.000000,,,UBAGCI,10-22-2021,10-26-2021,EBOND,104021,1522,,,STARTED,/BANK/GCI/SECGCI,SEC_BUY_SELL,SEC,0.0000,0.000000,YOUSHA349,"2,500,000.00",,,,,,,,,ACCESS 09/21/26,BUY,"2,500,000.00",XS2388445764,,"2,539,887.15","14,887.15",,,,
09-21-2026,,,SCB-LONDON,USD,,,"1,000,000.00",101.000000,,,UBAGCI,10-21-2021,10-25-2021,EBOND,104020,1522,,,STARTED,/BANK/GCI/SECGCI,SEC_BUY_SELL,SEC,0.0000,0.000000,YOUSHA349,"1,000,000.00",,,,,,,,,ACCESS 09/21/26,BUY,"1,000,000.00",XS2388445764,,"1,015,784.72","5,784.72",,,,
09-21-2026,,,SCB-LONDON,USD,,,"5,000,000.00",101.176000,,,UBAGCI,09-17-2021,09-21-2021,EBOND,103944,1522,,,STARTED,/BANK/GCI/SECGCI,SEC_BUY_SELL,SEC,0.0000,0.000000,YOUSHA349,"5,000,000.00",,,,,,,,,ACCESS 09/21/26,BUY,"5,000,000.00",XS2388445764,,"5,058,800.00",0.00,,,,
09-21-2026,,,SCB-LONDON,USD,,,"2,000,000.00",101.000000,,,UBAGCI,10-21-2021,10-25-2021,EBOND,104019,1522,,,STARTED,/BANK/GCI/SECGCI,SEC_BUY_SELL,SEC,0.0000,0.000000,YOUSHA349,"2,000,000.00",,,,,,,,,ACCESS 09/21/26,BUY,"2,000,000.00",XS2388445764,,"2,031,569.44","11,569.44",,,,
09-21-2026,,,SCB-LONDON,USD,,,"2,500,000.00",100.950000,,,UBAGCI,09-30-2021,10-04-2021,EBOND,103961,1522,,,STARTED,/BANK/GCI/SECGCI,SEC_BUY_SELL,SEC,0.0000,0.000000,YOUSHA349,"2,500,000.00",,,,,,,,,ACCESS 09/21/26,BUY,"2,500,000.00",XS2388445764,,"2,529,279.51","5,529.51",,,,
11-19-2026,,,SCB-LONDON,USD,,,"50,000,000.00",100.000000,,,UBAGCI,11-16-2021,11-19-2021,EBOND,104075,1581,,,STARTED,/BANK/GCI/SECGCI,SEC_BUY_SELL,SEC,0.0000,0.000000,RUBSCOT348,"50,000,000.00",,,,,,,,,UBANL 6.75 11/19/26,BUY,"50,000,000.00",XS2409171225,,"50,000,000.00",0.00,,,,
02-11-2027,,,UBA U.K.,USD,,,"2,000,000.00",81.150000,,,UBAGCI,02-03-2022,02-07-2022,EBOND,104344,1665,,,STARTED,/BANK/GCI/SECGCI,SEC_BUY_SELL,SEC,0.0000,0.000000,MOHNIR349,"2,000,000.00",,,,,,,,,GHANA 6.375 02/11/2027,BUY,"2,000,000.00",XS2115122538,,"1,685,333.33","62,333.33",,,,
02-11-2027,,,SCB-LONDON,USD,,,"3,000,000.00",81.750000,,,UBAGCI,02-03-2022,02-07-2022,EBOND,104345,1665,,,STARTED,/BANK/GCI/SECGCI,SEC_BUY_SELL,SEC,0.0000,0.000000,MOHNIR349,"3,000,000.00",,,,,,,,,GHANA 6.375 02/11/2027,BUY,"3,000,000.00",XS2115122538,,"2,546,000.00","93,500.00",,,,
02-11-2027,,,SCB-LONDON,USD,,,"3,000,000.00",81.000000,,,UBAGCI,02-04-2022,02-08-2022,EBOND,104346,1665,,,STARTED,/BANK/GCI/SECGCI,SEC_BUY_SELL,SEC,0.0000,0.000000,MOHNIR349,"3,000,000.00",,,,,,,,,GHANA 6.375 02/11/2027,BUY,"3,000,000.00",XS2115122538,,"2,524,031.25","94,031.25",,,,
02-11-2027,,,SCB-LONDON,USD,,,"4,000,000.00",78.562500,,,UBAGCI,02-17-2022,02-22-2022,EBOND,104350,1665,,,STARTED,/BANK/GCI/SECGCI,SEC_BUY_SELL,SEC,0.0000,0.000000,MOHNIR349,"4,000,000.00",,,,,,,,,GHANA 6.375 02/11/2027,BUY,"4,000,000.00",XS2115122538,,"3,150,291.67","7,791.67",,,,
02-11-2027,,,SCB-LONDON,USD,,,"4,000,000.00",78.125000,,,UBAGCI,02-18-2022,02-22-2022,EBOND,104349,1665,,,STARTED,/BANK/GCI/SECGCI,SEC_BUY_SELL,SEC,0.0000,0.000000,MOHNIR349,"4,000,000.00",,,,,,,,,GHANA 6.375 02/11/2027,BUY,"4,000,000.00",XS2115122538,,"3,133,500.00","8,500.00",,,,
02-11-2027,,,SCB-LONDON,USD,,,"1,000,000.00",78.750000,,,UBAGCI,02-16-2022,02-18-2022,EBOND,104351,1665,,,STARTED,/BANK/GCI/SECGCI,SEC_BUY_SELL,SEC,0.0000,0.000000,MOHNIR349,"1,000,000.00",,,,,,,,,GHANA 6.375 02/11/2027,BUY,"1,000,000.00",XS2115122538,,"788,739.58","1,239.58",,,,
02-11-2027,,,SCB-LONDON,USD,,,"3,000,000.00",82.250000,,,UBAGCI,02-01-2022,02-03-2022,EBOND,104354,1665,,,STARTED,/BANK/GCI/SECGCI,SEC_BUY_SELL,SEC,0.0000,0.000000,MOHNIR349,"3,000,000.00",,,,,,,,,GHANA 6.375 02/11/2027,BUY,"3,000,000.00",XS2115122538,,"2,558,875.00","91,375.00",,,,
02-11-2027,,,SCB-LONDON,USD,,,"2,000,000.00",79.500000,,,UBAGCI,02-07-2022,02-09-2022,EBOND,104347,1665,,,STARTED,/BANK/GCI/SECGCI,SEC_BUY_SELL,SEC,0.0000,0.000000,MOHNIR349,"2,000,000.00",,,,,,,,,GHANA 6.375 02/11/2027,BUY,"2,000,000.00",XS2115122538,,"1,653,041.67","63,041.67",,,,
02-11-2027,,,UBA U.K.,USD,,,"3,000,000.00",79.250000,,,UBAGCI,02-11-2022,02-15-2022,EBOND,104352,1665,,,STARTED,/BANK/GCI/SECGCI,SEC_BUY_SELL,SEC,0.0000,0.000000,MOHNIR349,"3,000,000.00",,,,,,,,,GHANA 6.375 02/11/2027,BUY,"3,000,000.00",XS2115122538,,"2,379,625.00","2,125.00",,,,
02-11-2027,,,SCB-LONDON,USD,,,"2,000,000.00",79.375000,,,UBAGCI,02-08-2022,02-10-2022,EBOND,104362,1665,,,STARTED,/BANK/GCI/SECGCI,SEC_BUY_SELL,SEC,0.0000,0.000000,RUBSCOT348,"2,000,000.00",,,,,,,,,GHANA 6.375 02/11/2027,BUY,"2,000,000.00",XS2115122538,,"1,650,895.83","63,395.83",,,,
02-11-2027,,,SCB-LONDON,USD,,,"3,000,000.00",79.500000,,,UBAGCI,02-11-2022,02-15-2022,EBOND,104353,1665,,,STARTED,/BANK/GCI/SECGCI,SEC_BUY_SELL,SEC,0.0000,0.000000,MOHNIR349,"3,000,000.00",,,,,,,,,GHANA 6.375 02/11/2027,BUY,"3,000,000.00",XS2115122538,,"2,387,125.00","2,125.00",,,,
09-28-2028,,,SCB-LONDON,USD,,,"12,000,000.00",100.500000,,,UBAGCI,10-21-2021,10-25-2021,EBOND,104018,2260,,,STARTED,/BANK/GCI/SECGCI,SEC_BUY_SELL,SEC,0.0000,0.000000,YOUSHA349,"12,000,000.00",,,,,,,,,NGERIA 09/28/28,BUY,"12,000,000.00",XS2384698994,,"12,115,125.00","55,125.00",,,,
09-28-2028,,,SCB-LONDON,USD,,,"3,000,000.00",100.500000,,,UBAGCI,10-19-2021,10-21-2021,EBOND,104006,2260,,,STARTED,/BANK/GCI/SECGCI,SEC_BUY_SELL,SEC,0.0000,0.000000,YOUSHA349,"3,000,000.00",,,,,,,,,NGERIA 09/28/28,BUY,"3,000,000.00",XS2384698994,,"3,026,739.58","11,739.58",,,,
09-28-2028,,,SCB-LONDON,USD,,,"2,000,000.00",100.500000,,,UBAGCI,10-20-2021,10-22-2021,EBOND,104009,2260,,,STARTED,/BANK/GCI/SECGCI,SEC_BUY_SELL,SEC,0.0000,0.000000,YOUSHA349,"2,000,000.00",,,,,,,,,NGERIA 09/28/28,BUY,"2,000,000.00",XS2384698994,,"2,018,166.67","8,166.67",,,,
09-28-2028,,,CHAPEL HILL DEN,USD,,,"5,500,000.00",100.000000,,,UBAGCI,09-24-2021,09-28-2021,EBOND,103955,2260,,,STARTED,/BANK/GCI/SECGCI,SEC_BUY_SELL,SEC,0.0000,0.000000,YOUSHA349,"5,500,000.00",,,,,,,,,NGERIA 09/28/28,BUY,"5,500,000.00",XS2384698994,,"5,500,000.00",0.00,,,,
